學號,姓名,國中,高中,班別,座號,電話1,爸爸手機,媽媽手機,學生手機,上課發簡訊,報名日期,不上了日期
091964,林亮緯,衛道,一中,202,A07,25623030,0923379689,0911769596,0975678330,是,2025/8/14,
101998,莊竣凱,草屯,一中,K01,D01,,0982318031,0982319031,0975587361,是,2025/8/14,
102399,林鈺臻,南投,女中,K01,J01,492254670,0958265879,,0965658880,是,2025/8/14,
103032,劉冠杰,衛道,衛道,202,F04,25724160,0921399172,0919835667,0979184599,是,2025/8/14,
103599,施羽蓁,曉明,曉明,202,E05,426912023,0922112823,0952373670,0966259678,是,2025/8/14,
103601,張均韻,東勢,曉明,K01,I01,04-25854025,0918166743,0953240773,0970709493,是,2025/8/14,
106110,彭章高,新光,二中,K01,D11,,0937786809,0916730389,0909176212,是,2025/8/14,
106703,邱瑀潔,,,K01,E11,,,0928974680,0978325066,是,2025/10/20,
109020,郭思妘,弘文,弘文,K01,I08,25620702,0988718682,0987931616,0988716682,是,2025/8/14,
111433,許安頡,衛道,一中,K01,J11,,,0920685657,,是,2025/8/14,
111437,李昊庭,衛道,一中,202,F02,26331369,0935433878,0952168626,0975850126,是,2025/8/14,
111467,賴家億,,一中,202,B04,04-24365201,0933511999,0933119962,0911775535,是,2025/8/16,
111570,王宇賢,豐東,一中,202,E03,25633289,0961312132,0981893851,0979557697,是,2025/8/14,
111572,邱于恆,中科實,一中,202,B06,223690101,0916206336,0972209150,0910899005,是,2025/8/14,
111574,余柏寬,衛道,一中,K01,H01,22474251,0919079177,0919121263,0919109082,是,2025/8/14,
111576,陳傳亞,三光,一中,K01,F08,04-24379675,,0915939133,0927136878,是,2025/8/14,
111578,賴馳宇,福科,一中,K01,D07,,0922120377,0938876689,0986876659,是,2025/8/14,
112104,黃以希,居仁,女中,202,C03,23757092,0981068200,0955581516,,是,2025/8/14,
112116,葉采璇,東山,女中,K01,L09,,0939509305,0922167749,0975719760,是,2025/11/3,
112234,張伊雯,,女中,K01,A07,,0982793168,0919009299,0968556112,是,2025/8/20,
112388,謝芮靜,國姓,女中,K01,G04,,0988257777,0921714535,0963900966,是,2025/8/14,
112504,鄭安淇,曉明,女中,202,F06,,0958937272,0939610188,0937251215,是,2025/9/22,
112509,陳映慈,僑泰,女中,K01,L07,04-23729003,0918073348,0922164680,0928693859,是,2025/8/14,
112511,劉冠岑,光明,女中,K01,L04,,0928640651,0902162562,0902282068,是,2025/8/14,
112513,王怡茜,后里,女中,K01,L08,04-25565015,0958960972,0920683214,0901150767,是,2025/8/14,
112515,袁盈溱,豐東,女中,K01,H11,425271279,0922033603,0930040067,0952628662,是,2025/8/14,
113130,凌千瀚,衛道,衛道,K01,E01,,0935037575,0920345600,0971695335,是,2025/8/14,
113408,魏心傳,衛道,衛道,202,C05,23725396,0915628915,0933408217,0933272972,是,2025/8/14,
113439,楊雅淳,衛道,衛道,K01,A03,04-22395189,0921390077,0921390077,0906386031,是,2025/8/14,
113441,雲筱甯,衛道,衛道,K01,I04,04-26561868,0958633569,0918536757,0958810021,是,2025/8/14,
114058,王品盺,曉明,曉明,K01,F11,22337459,0939592115,0922002068,0928728360,是,2025/8/14,
114230,鄭茜云,曉明,曉明,K01,L02,22927142,0933457352,0921373884,0906773338,是,2025/8/14,
115047,許庭睿,明道,明道,K01,I11,48391597,0939334416,0939334416,0939334416,是,2025/8/14,
115173,簡瑋君,明道,明道,K01,B01,22581832,0973705812,0975130822,0905913822,是,2025/8/14,
116265,唐煜翔,中興,文華,K01,L06,492569123,0916587976,0928273198,0971852965,是,2025/8/14,
116341,王昱翔,,二中,K01,G06,24739375,0937226829,0930773208,0933071258,是,2025/8/20,
116354,黃心岩,居仁,二中,K01,L05,04-23270517,0926925182,0930804043,0907049508,是,2025/8/14,
116403,陳宥睿,豐東,惠文,K01,D03,25628080,0985977085,,0906668973,是,2025/9/15,
116508,林可心,北新,西苑,K01,G01,04-22388780,0916318505,0916318506,0965312297,是,2025/8/14,
117701,周昀潔,,,K01,J03,,0915934515,0913232119,0911710671,是,2025/8/17,
117702,賴妍雅,,明德,K01,F05,,0988001646,0911668932,0968980130,是,2025/9/30,
